First Last,First,Last,Company,Domain
Hans Bijvoets,Hans,Bijvoets,Anfors Imperial,www.anfors-imperial.com
Shauntel Engelbrecht,Shauntel,Engelbrecht,Initials,www.initials-inc.com
Mark Manguera,Mark,Manguera,Snow Monkey,www.snow-monkey.com
David Roddenberry,David,Roddenberry,HealthyWage,www.healthywage.com
Heidi Douglass,Heidi,Douglass,"Tastefully Simple, Inc.",www.tastefullysimple.com
Bruce Williamson,Bruce,Williamson,"Parke-Bell Ltd., Inc.",www.touchofclass.com
Hively Gary,Hively,Gary,Poptique Popcorn,www.poptiquepopcorn.com
Chris Schultz,Chris,Schultz,Voodoo Doughnut LLC,www.voodoodoughnut.com
Mark Sandler,Mark,Sandler,Divvies LLC,www.divvies.com
Rod Mitchell,Rod,Mitchell,Browne Trading Co,www.brownetrading.com
Christopher Coleridge,Christopher,Coleridge,Hum Nutrition Inc,www.humnutrition.com
Matthew Collins,Matthew,Collins,"David Rio Coffee & Tea, Inc",www.davidrio.com
Artisan Vapor Keller,Artisan,Keller,The Artisan Vapor Company,www.artisanvaporcompany.com
Rip Abhishek Pruisken,Rip,Pruisken,"Rip van Wafels, Inc.",www.ripvanwafels.com
Samantha Couzens,Samantha,Couzens,The Dinner A’Fare,www.dinnerafare.com
Mandy Tis,Mandy,Tis,"Close To My Heart, Inc",www.closetomyheart.com
Elizabeth Dahnken,Elizabeth,Dahnken,Living Intentions,www.livingintentions.com
Geoff Haydon,Geoff,Haydon,Green Grass Foods Inc.,www.nutpods.com
Oscar Chang,Oscar,Chang,Alchema Inc.,www.alchema.com
Chuck Gold Coast,Chuck,Coast,"Gold Coast Ingredients, Inc.",www.goldcoastinc.com
