First Last,First,Last,Company,Domain
Takeyia Solomon,Takeyia,Solomon,"Atlanta Hawks, L.P.",www.nba.com
Kitty Ellis,Kitty,Ellis,Howden Joinery Ltd,www.howdens.com
Leonard Cagno,Leonard,Cagno,Marquis Who's Who LLC,www.marquiswhoswho.com
Bob Baldocchi,Bob,Baldocchi,"Emser Tile, LLC",www.emser.com
Pradip Lal,Pradip,Lal,The Landmark Group,www.landmarkgroup.com
Arthur Freydin,Arthur,Freydin,"HomeClick, LLC",www.homeclick.com
Nikki Chu,Nikki,Chu,Chow Tai Fook Jewellery,www.chowtaifook.com
Christopher Smith,Christopher,Smith,Community Beer Works Llc,www.communitybeerworks.com
Martine Reardon,Martine,Reardon,Macy's Inc.,www.macys.com
Lisa Trask,Lisa,Trask,"The Beaver Country Day School, Inc",www.bcdschool.org
Kalwinder Bhogal,Kalwinder,Bhogal,National Gallery Company Limited,www.nationalgallery.co.uk
Steven W Washingto Monteith,Steven,Monteith,United States Postal Service,www.usps.com
Danielle Mills,Danielle,Mills,Domino's Pizza Enterprises Ltd,www.dominos.com.au
Hannah Edwards,Hannah,Edwards,Freshpet Inc,www.freshpet.com
Layla Kasha,Layla,Kasha,Grocery Outlet Inc.,www.groceryoutlet.com
Ron Tralet,Ron,Tralet,Walmart,www.walmart.com
Joe Hice,Joe,Hice,Segway Inc.,www.segway.com
Tyler Mazereeuw,Tyler,Mazereeuw,Canadian Football League,www.cfl.ca
Christoph Krahwinkler,Christoph,Krahwinkler,Sport 2000 FRANCE SAS,www.sport2000.fr
Vishal Sharma,Vishal,Sharma,Luxor Writing Instruments Pvt. Ltd.,www.luxor.in
